,tag_id,count,tag_name
0,11743,5720,fiction
1,11305,2512,fantasy
2,26138,2119,romance
3,27199,2104,series
4,33114,1835,young-adult
5,20939,1491,mystery
6,32989,1435,ya
7,21689,1261,non-fiction
8,17213,1174,kindle
9,14487,1119,historical-fiction
10,7457,1108,classics
11,8055,1048,contemporary
12,22973,897,paranormal
13,9221,853,default
14,4949,852,book-club
15,26837,850,science-fiction
16,21773,844,nonfiction
17,3389,820,audiobook
18,30358,796,thriller
19,26771,795,sci-fi
20,18045,787,library
21,1642,736,adult
22,1691,649,adventure
23,6953,644,childrens
24,14467,625,historical
25,3392,579,audiobooks
26,14821,568,horror
27,31617,546,urban-fantasy
28,15048,542,humor
29,8517,535,crime
30,6750,531,chick-lit
31,18886,512,magic
32,7404,505,classic
33,18367,503,literature
34,22034,497,novels
35,14552,489,history
36,6857,482,children
37,10197,473,ebook
38,22983,458,paranormal-romance
39,29011,431,supernatural
40,3371,431,audio
41,6888,428,children-s
42,31745,424,vampires
43,6895,418,children-s-books
44,26785,404,sci-fi-fantasy
45,8076,398,contemporary-romance
46,4605,391,biography
47,19733,377,memoir
48,29452,345,teen
49,1659,326,adult-fiction
50,26894,313,scifi
51,13561,302,graphic-novels
52,240,301,1001-books
53,10064,300,dystopian
54,25438,296,realistic-fiction
55,10059,289,dystopia
56,17124,285,kids
57,31723,282,vampire
58,29076,276,suspense
59,6828,271,childhood
60,10210,263,ebooks
61,21387,260,new-adult
62,7778,257,comics
63,19974,248,middle-grade
64,13547,242,graphic-novel
65,27669,232,short-stories
66,23605,229,picture-books
67,23471,227,philosophy
68,20849,218,my-library
69,21989,217,novel
70,26735,212,school
71,32586,204,wish-list
72,18326,204,literary-fiction
73,20926,203,mysteries
74,1416,201,abandoned
75,6960,201,childrens-books
76,26256,197,rory-gilmore-reading-challenge
77,33009,192,ya-fantasy
78,9886,188,drama
79,26816,181,science
80,24526,176,psychology
81,1128,173,5-stars
82,8067,172,contemporary-fiction
83,19742,171,memoirs
84,14361,165,high-fantasy
85,27398,165,sf
86,33012,165,ya-fiction
87,12680,162,funny
88,5751,162,british
89,10644,158,english
90,9638,157,dnf
91,5951,157,business
92,236,156,1001
93,7077,156,christian
94,20994,152,mystery-thriller
95,11370,150,fantasy-sci-fi
96,17129,150,kids-books
97,32130,148,war
98,10731,144,epic-fantasy
99,10825,142,erotica
100,7725,137,comedy
101,25647,136,religion
102,27095,135,self-help
103,23831,133,poetry
104,32345,133,werewolves
105,5051,133,bookclub
106,5090,132,books
107,6838,130,childhood-favorites
108,21024,130,mythology
109,15067,130,humour
110,7423,129,classic-literature
111,12948,128,general-fiction
112,24051,128,post-apocalyptic
113,2580,125,animals
114,2277,119,american
115,22689,117,own-it
116,14370,114,high-school
117,23596,110,picture-book
118,23931,109,politics
119,3358,106,audible
120,7852,106,coming-of-age
121,19052,105,manga
122,1540,104,action
123,26897,100,scifi-fantasy
124,9477,100,did-not-finish
125,14527,99,historical-romance
126,7806,97,comics-graphic-novels
127,25114,96,read-for-school
128,32623,95,witches
129,16095,92,james-patterson
130,3379,92,audio-books
131,23796,91,pnr
132,16799,90,juvenile
133,9277,90,demons
134,7116,89,christian-fiction
135,18001,88,lgbt
136,18919,88,magical-realism
137,2938,87,art
138,29316,87,tbr
139,2136,85,alpha-male
140,11152,85,fairy-tales
141,33124,84,young-adult-fiction
142,23743,84,plays
143,10641,83,england
144,7478,83,classics-to-read
145,923,83,20th-century
146,509,82,19th-century
147,28663,81,stephen-king
148,26207,81,romantic-suspense
149,8782,80,cómics
150,3611,79,autobiography
151,27613,78,shifters
152,12315,77,for-school
153,2516,77,angels
154,6920,76,children-s-literature
155,9882,75,dragons
156,31155,74,travel
157,6829,74,childhood-books
158,11124,74,fae
159,25765,73,reread
160,25167,72,read-in-english
161,6914,72,children-s-lit
162,22352,71,on-my-shelf
163,30464,71,time-travel
164,18640,71,love
165,28422,71,sports
166,12600,71,friendship
167,26740,70,school-books
168,13150,70,ghosts
169,2313,69,american-literature
170,4615,68,biography-memoir
171,5776,67,british-literature
172,28525,66,stand-alone
173,12175,66,food
174,27473,66,shapeshifters
175,11491,66,faves
176,21831,65,nora-roberts
177,4594,65,biographies
178,27535,65,shelfari-favorites
179,20824,64,my-favorites
180,28384,63,spirituality
181,21457,63,newbery
182,20673,61,music
183,9336,61,detective
184,11665,60,feminism
185,18668,59,love-triangle
186,31505,59,unfinished
187,11221,58,family
188,28247,57,space-opera
189,32917,57,wwii
190,17273,56,king
191,12709,56,futuristic
192,7668,56,college
193,32996,56,ya-books
194,251,56,1001-books-to-read-before-you-die
195,5481,56,borrowed
196,13568,55,graphic-novels-comics
197,33023,55,ya-lit
198,7746,54,comic-books
199,3377,54,audio-book
200,11550,54,favorite-series
201,13446,54,gothic
202,12452,53,france
203,30386,53,thrillers
204,33268,53,zombies
205,4959,53,book-club-books
206,18011,53,lgbtq
207,1746,52,africa
208,10891,52,essays
209,18318,52,literary
210,7739,51,comic
211,9124,50,dean-koontz
212,20047,50,military
213,25799,50,retellings
214,10093,50,e-book
215,30573,49,to-re-read
216,24609,49,pulitzer
217,18851,49,made-me-cry
218,25822,49,reviewed
219,28300,48,speculative-fiction
220,28341,48,spiritual
221,11130,48,faeries
222,26842,48,science-fiction-fantasy
223,1753,47,african-american
224,16203,47,japan
225,7203,47,christianity
226,12553,47,french
227,8150,47,cookbooks
228,33165,46,youth
229,23727,46,play
230,7563,46,clàssics
231,11148,45,fairy-tale
232,28610,45,steampunk
233,7417,45,classic-fiction
234,29568,44,terry-pratchett
235,27111,44,self-improvement
236,11136,44,fairies
237,8209,44,cooking
238,13528,43,graphic
239,8922,42,dark
240,6184,42,canadian
241,24136,42,pratchett
242,7422,42,classic-lit
243,30208,41,theatre
244,33004,41,ya-contemporary
245,10729,41,epic
246,19524,41,maybe
247,4985,41,book-group
248,11978,41,finished
249,1078,41,4-stars
250,31859,41,victorian
251,1800,41,agatha-christie
252,10245,41,economics
253,9565,41,discworld
254,20811,41,my-ebooks
255,6098,41,caldecott
256,2305,41,american-history
257,17780,40,leadership
258,10094,40,e-books
259,29045,40,survival
260,20781,40,my-bookshelf
261,30635,40,to-read-classics
262,31756,39,vamps
263,1499,39,abuse
264,15954,39,j-d-robb
265,20989,39,mystery-suspense
266,16258,38,jd-robb
267,4055,38,bdsm
268,6766,38,chicklit
269,23106,37,patterson
270,11574,37,favourite
271,19788,37,mental-illness
272,25596,36,regency
273,24624,36,pulitzer-prize
274,15453,36,india
275,26251,36,rory-gilmore-challenge
276,15359,35,in-death-series
277,23334,35,personal-development
278,4944,35,book-boyfriends
279,19689,35,meg-cabot
280,15358,35,in-death
281,16184,35,janet-evanovich
282,32812,35,world-war-ii
283,29464,34,teen-fiction
284,30241,34,theology
285,16805,34,juvenile-fiction
286,24728,34,queer
287,22025,34,novella
288,19983,34,middle-school
289,9484,34,didn-t-finish
290,13098,33,german
291,3885,33,banned-books
292,16518,33,john-grisham
293,5105,33,books-about-books
294,14730,33,holocaust
295,20731,33,must-read
296,2768,33,apocalyptic
297,1542,33,action-adventure
298,26374,33,russian
299,5444,33,bookshelf
300,11595,32,favs
301,19786,32,mental-health
302,32686,32,women
303,26636,32,satire
304,7784,32,comics-and-graphic-novels
305,3216,31,asia
306,15924,31,italy
307,9022,31,david-baldacci
308,10866,31,espionage
309,7224,31,christmas
310,19175,31,mangá
311,10824,31,erotic-romance
312,2312,31,american-lit
313,26371,30,russia
314,2056,30,aliens
315,10658,30,english-literature
316,29190,29,séries
317,9147,29,death
318,28466,29,spy
319,33777,29,روايات
320,20282,29,modern-classics
321,15626,28,inspirational
322,833,28,2016-releases
323,21308,28,neil-gaiman
324,17694,28,laurell-k-hamilton
325,14064,28,have
326,11376,28,fantasy-scifi
327,16205,27,japanese
328,17863,27,legal-thriller
329,25685,27,religious
330,33035,27,ya-paranormal
331,31254,27,true-crime
332,19666,27,medieval
333,17450,27,kristen-ashley
334,28052,27,sociology
335,12568,27,french-literature
336,22330,27,on-hold
337,16550,26,john-sandford
338,13720,26,grisham
339,19892,26,michael-connelly
340,13656,26,greek-mythology
341,8755,26,cyberpunk
342,14134,26,health
343,28642,25,stephanie-plum
344,11162,25,fairytales
345,7009,25,china
346,4968,25,book-club-reads
347,15798,25,ireland
348,10817,25,erotic
349,26384,25,russian-literature
350,13270,24,glbt
351,2519,24,angels-demons
352,27600,24,sherrilyn-kenyon
353,8408,24,cover-love
354,785,24,2015-releases
355,28919,24,sue-grafton
356,23569,24,physics
357,24807,24,race
358,2173,24,alternate-history
359,13974,24,harlan-coben
360,23086,24,patricia-cornwell
361,25436,24,realistic
362,19961,23,middle-east
363,27438,23,shakespeare
364,12035,23,first-in-series
365,25234,23,read-more-than-once
366,14017,22,harry-potter
367,33262,22,zombie
368,28541,22,star-wars
369,2517,22,angels-and-demons
370,11166,22,faith
371,29258,22,tamora-pierce
372,11937,22,finance
373,25913,22,rick-riordan
374,10951,22,evanovich
375,3829,22,baldacci
376,16005,22,jack-reacher
377,6866,22,children-books
378,2660,22,anne-rice
379,29716,22,the-classics
380,6614,21,charlaine-harris
381,28445,21,sports-romance
382,33007,21,ya-dystopian
383,17838,21,lee-child
384,6847,21,childhood-reads
385,6976,21,childrens-lit
386,16418,21,jim-butcher
387,19738,21,memoir-biography
388,25798,20,retelling
389,28235,20,space
390,16449,20,jodi-picoult
391,26754,20,school-reads
392,32906,20,ww2
393,11579,20,favourite-books
394,1434,20,abbi-glines
395,18015,20,lgbtqia
396,6178,20,canada
397,6729,20,chic-lit
398,2602,20,anita-blake
399,30860,20,to-reread
400,8527,20,crime-fiction
401,17413,20,koontz
402,32353,20,western
403,29005,20,superheroes
404,30205,19,theater
405,3987,19,batman
406,5066,19,booker-prize
407,28645,19,stephanie-plum-series
408,15980,19,j-r-ward
409,19384,19,mary-higgins-clark
410,33045,19,ya-romance
411,16218,19,japanese-literature
412,3461,18,australia
413,25191,18,read-in-school
414,12383,18,forgotten-realms
415,22027,18,novellas
416,19659,18,medicine
417,30924,18,tom-clancy
418,26752,18,school-reading
419,31133,18,translated
420,20570,18,movies
421,1982,18,alex-cross
422,16672,18,jr-ward
423,25908,18,richelle-mead
424,28204,18,southern
425,7343,17,civil-war
426,32865,17,writing
427,18258,17,lisa-gardner
428,25761,17,required-reading
429,23005,17,parenting
430,8346,17,couldn-t-finish
431,21437,17,new-york
432,6070,17,c-s-lewis
433,19897,16,michael-crichton
434,23266,16,percy-jackson
435,7145,16,christian-living
436,9037,16,david-eddings
437,11673,16,feminist
438,24964,16,re-reads
439,17260,16,kindle-unlimited
440,9927,16,dresden
441,9928,16,dresden-files
442,31232,16,trilogy
443,8779,16,còmics
444,9080,16,dc
445,31984,16,vonnegut
446,10081,16,dystopias
447,21529,16,nicholas-sparks
448,26918,16,scotland
449,19634,16,medical
450,30672,16,to-read-fiction
451,32341,16,werewolf
452,8945,16,dark-hunter
453,4696,16,black-dagger-brotherhood
454,5180,16,books-i-have
455,5636,16,brandon-sanderson
456,13109,16,german-literature
457,3140,15,arthurian
458,5036,15,book-to-movie
459,26382,15,russian-lit
460,12700,15,future
461,16130,15,james-rollins
462,27575,15,sherlock-holmes
463,6977,15,childrens-literature
464,12598,15,friends-to-lovers
465,21339,15,netgalley
466,7677,15,college-romance
467,14010,15,harry-bosch
468,32401,15,wheel-of-time
469,26774,15,sci-fi-and-fantasy
470,8938,15,dark-fantasy
471,16991,15,kelley-armstrong
472,29559,15,terry-brooks
473,26023,15,robert-jordan
474,8533,15,crime-mystery
475,1039,15,39-clues
476,25562,15,reference
477,20547,15,movie
478,21055,15,na
479,2766,14,apocalypse
480,16877,14,karen-marie-moning
481,13116,14,germany
482,10304,14,education
483,23083,14,patricia-briggs
484,28127,14,sookie-stackhouse
485,17439,14,kresley-cole
486,32654,14,wizards
487,1988,14,alex-cross-series
488,7541,14,clive-cussler
489,16938,14,kathy-reichs
490,24968,14,reacher
491,15808,14,irish
492,10067,14,dystopian-fiction
493,2651,14,anne-mccaffrey
494,8883,14,daniel-silva
495,32188,14,warriors
496,14394,14,highlander
497,2106,14,all-time-favourites
498,13794,14,guilty-pleasures
499,15904,14,italian
500,18266,14,lisa-kleypas
501,8975,14,darren-shan
502,21195,14,nature
503,11988,14,finished-series
504,23909,14,political
505,2603,13,anita-blake-series
506,9841,13,dr-seuss
507,9597,13,distopia
508,9598,13,distopian
509,11159,13,fairytale
510,4631,13,biology
511,15321,13,immortals-after-dark
512,16883,13,karin-slaughter
513,19039,13,management
514,32716,13,women-s-murder-club
515,17459,13,kristin-hannah
516,27745,13,sidney-sheldon
517,21672,13,noir
518,7664,13,colleen-hoover
519,3265,13,assassins
520,27461,13,shannara
521,26051,13,robin-hobb
522,8946,13,dark-hunter-series
523,12869,13,gave-up-on
524,9684,13,dogs
525,14917,13,house-of-night
526,17639,13,latin-america
527,6362,13,cassandra-clare
528,3465,13,australian
529,25506,13,recommended
530,736,13,2014-books
531,20654,13,murakami
532,4942,13,book-boyfriend
533,1371,13,a-series-of-unfortunate-events
534,30185,13,the-wheel-of-time
535,17904,13,lemony-snicket
536,9468,13,dickens
537,24821,12,rachel-caine
538,29151,12,sword-of-truth
539,29759,12,the-dresden-files
540,14034,12,haruki-murakami
541,19549,12,mc
542,12922,12,gena-showalter
543,17191,12,kim-harrison
544,23300,12,pern
545,10708,12,environment
546,29560,12,terry-goodkind
547,17847,12,left-behind
548,15291,12,ilona-andrews
549,4508,12,bikers
550,25014,12,read-aloud
551,31727,12,vampire-books
552,32808,12,world-war-2
553,14397,12,highlanders
554,27282,12,series-of-unfortunate-events
555,28126,12,sookie
556,30173,12,the-walking-dead
557,19357,12,marvel
558,22977,12,paranormal-fantasy
559,28275,12,sparks
560,27919,12,slavery
561,13646,12,greek
562,17746,12,lds
563,16157,12,jane-austen
564,16427,12,jk-rowling
565,27682,12,short-story
566,9420,12,diana-gabaldon
567,17857,12,legal
568,21470,12,newbery-medal
569,25554,12,redwall
570,20454,12,morganville-vampires
571,31901,11,vince-flynn
572,13564,11,graphic-novels-and-comics
573,29848,11,the-hollows
574,25600,11,regency-romance
575,31253,11,true-blood
576,27611,11,shifter
577,28128,11,sookie-stackhouse-series
578,23774,11,pll
579,26556,11,sandra-brown
580,3236,11,asimov
581,25992,11,roald-dahl
582,11151,11,fairy-tale-retellings
583,28609,11,steam-punk
584,32099,11,want-to-read
585,16274,11,jeaniene-frost
586,26154,11,romance-historical
587,20054,11,military-history
588,19030,11,man-booker-prize
589,781,11,2015-reading-challenge
590,24246,11,presidents
591,12785,11,gaiman
592,20957,11,mystery-crime
593,4503,11,biker
594,31103,11,tragedy
595,15965,11,j-k-rowling
596,23150,11,paulo-coelho
597,19294,11,marketing
598,10932,11,europe
599,31656,11,usa
600,6622,11,charles-dickens
601,6597,11,chapter-books
602,11340,11,fantasy-fiction
603,14877,11,horses
604,28261,11,spanish
605,392,11,18th-century
606,8491,11,creativity
607,18292,10,lit
608,6840,10,childhood-favourites
609,27432,10,shadowhunters
610,26552,10,sandman
611,14921,10,house-of-night-series
612,5746,10,brit-lit
613,19997,10,midnight-breed
614,17607,10,lara-adrian
615,16716,10,julie-garwood
616,11161,10,fairytale-retellings
617,11035,10,existentialism
618,18981,10,malazan
619,26091,10,rock-stars
620,26088,10,rock-star
621,26680,10,scandinavian
622,4834,10,boarding-school
623,10007,10,dune
624,25011,10,read-again
625,33121,10,young-adult-fantasy
626,7219,10,christine-feehan
627,20288,10,modern-fiction
628,29062,10,susan-elizabeth-phillips
629,2499,10,angel
630,9444,10,diary-of-a-wimpy-kid
631,16383,10,jewish
632,5775,10,british-lit
633,29573,10,tess-gerritsen
634,4052,10,bdb
635,22585,10,our-shared-shelf
636,31729,10,vampire-diaries
637,829,10,2016-reading-challenge
638,8948,10,dark-hunters
639,8087,10,contempor​ary
640,26305,10,royalty
641,2852,10,arc
642,14484,10,historical-fantasy
643,28974,10,summer-reads
644,24268,10,pretty-little-liars
645,21166,9,native-american
646,11773,9,fiction-fantasy
647,8324,9,cosmere
648,2690,9,anthology
649,21555,9,night-huntress
650,21072,9,nalini-singh
651,19496,9,maximum-ride
652,23447,9,philippa-gregory
653,19165,9,mangas
654,18573,9,lords-of-the-underworld
655,8952,9,dark-romance
656,14519,9,historical-mystery
657,31372,9,twilight
658,8624,9,cs-lewis
659,29609,9,the-39-clues
660,10997,9,evolution
661,28141,9,sophie-kinsella
662,17090,9,kid-lit
663,28999,9,superhero
664,31689,9,v-c-andrews
665,24328,9,printz
666,28528,9,stand-alones
667,3308,9,atheism
668,766,9,2015-books
669,16302,9,jeffery-deaver
670,16507,9,john-flanagan
671,29434,9,technology
672,18680,9,loved
673,19017,9,man-booker
674,10342,9,egypt
675,941,9,21st-century
676,2012,9,alexander-mccall-smith
677,26598,9,sarah-dessen
678,25630,9,relationships
679,15461,9,indian
680,28687,9,steve-berry
681,5870,9,buddhism
682,16709,9,julia-quinn
683,805,9,2016-books
684,24254,9,preston-child
685,22601,9,outlander
686,18637,9,louise-penny
687,5058,9,booker
688,22839,9,p-c-cast
689,14694,9,holiday
690,10468,8,ellen-hopkins
691,25171,8,read-in-high-school
692,17523,8,l-j-smith
693,9527,8,dirk-pitt
694,29744,8,the-dark-tower
695,26542,8,sanderson
696,20656,8,murder
697,2001,8,alex-rider
698,18896,8,magic-realism
699,16217,8,japanese-lit
700,23210,8,pendergast
701,16062,8,james-bond
702,9603,8,divergent
703,12567,8,french-lit
704,2705,8,anthropology
705,23219,8,pendragon
706,24901,8,rangers-apprentice
707,18801,8,m-m
708,9866,8,dragonlance
709,11366,8,fantasy-paranormal
710,8957,8,dark-tower
711,19821,8,merry-gentry
712,4908,8,bones
713,17086,8,kid-books
714,19959,8,middle-earth
715,5595,8,brad-thor
716,11875,8,fighters
717,9084,8,dc-comics
718,28936,8,suicide
719,24632,8,pulitzer-prize-winners
720,18784,8,lynsay-sands
721,30094,8,the-selection
722,19805,8,mercy-thompson
723,2126,8,ally-carter
724,31315,8,tudors
725,1120,8,5-star
726,30909,8,tolkien
727,7255,8,christopher-moore
728,18994,8,male-pov
729,17721,8,law
730,17933,8,lesbian
731,28321,8,spies
732,22602,8,outlander-series
733,7924,8,completed-series
734,3786,8,bad-boys
735,31783,8,vc-andrews
736,7276,8,chuck-palahniuk
737,11290,8,fantasia
738,6443,8,cats
739,17849,8,left-behind-series
740,4297,8,bernard-cornwell
741,16693,8,judith-mcnaught
742,3586,8,autism
743,11109,8,fables
744,28532,8,standalone
745,22344,8,on-my-bookshelf
746,17217,7,kindle-books
747,2779,7,apologetics
748,28945,7,summer
749,8768,7,czech
750,16334,7,jennifer-l-armentrout
751,18413,7,little-house
752,19469,7,matthew-reilly
753,8545,7,crime-thriller
754,29083,7,suspense-thriller
755,11570,7,favoritos
756,21815,7,nook
757,29443,7,ted-dekker
758,26194,7,romantic
759,26602,7,sarah-j-maas
760,21358,7,neuroscience
761,19519,7,maya-banks
762,31724,7,vampire-academy
763,3218,7,asian
764,3445,7,austen
765,14856,7,horror-thriller
766,11202,7,fallen-angels
767,22529,7,orson-scott-card
768,6909,7,children-s-fiction
769,24401,7,productivity
770,14024,7,harry-potter-series
771,10725,7,eoin-colfer
772,20622,7,multicultural
773,8429,7,cozy-mystery
774,16903,7,kate-daniels
775,8130,7,cookbook
776,10753,7,epistolary
777,24489,7,psy-changeling
778,10700,7,entrepreneurship
779,19452,7,mathematics
780,25942,7,riordan
781,31708,7,valdemar
782,19798,7,mercedes-lackey
783,28259,7,spain
784,22098,7,nutrition
785,8780,7,cómic
786,15979,7,j-r-r-tolkien
787,23679,7,pirates
788,34248,7,Ｆａｖｏｒｉｔｅｓ
789,31734,7,vampire-kisses
790,24521,7,psychological-thriller
791,1377,7,a-song-of-ice-and-fire
792,19699,7,meh
793,4799,7,blue-bloods
794,23166,7,pc-cast
795,13792,7,guilty-pleasure
796,28623,7,steinbeck
797,29112,7,sweden
798,18054,7,library-books
799,9801,7,douglas-adams
800,30373,7,thriller-mystery
801,9172,7,debbie-macomber
802,29412,6,teatro
803,3783,6,bad-boy
804,17612,6,larissa-ione
805,16871,6,karen-kingsbury
806,13351,6,gone
807,5918,6,bullying
808,1743,6,afghanistan
809,19316,6,marriage
810,19445,6,math
811,32956,6,xanth
812,29864,6,the-immortals
813,11871,6,fighter
814,25987,6,road-trip
815,16511,6,john-green
816,20662,6,murder-mystery
817,25770,6,rereads
818,21152,6,national-book-award
819,13320,6,gods
820,26591,6,sara-shepard
821,14281,6,hercule-poirot
822,17591,6,language
823,2885,6,argeneau
824,28216,6,southern-gothic
825,15858,6,islam
826,25034,6,read-as-a-kid
827,18869,6,mafia
828,4088,6,beat
829,30590,6,to-read-again
830,8683,6,culture
831,18664,6,love-story
832,29113,6,swedish
833,20318,6,modernism
834,9318,6,design
835,3127,6,artemis-fowl
836,4786,6,bloodlines
837,2287,6,american-classics
838,10954,6,evanovich-janet
839,13703,6,grief
840,28880,6,stéphanie-plum
841,21110,6,narnia
842,7265,6,chronicles-of-narnia
843,28681,6,stephenie-meyer
844,23026,6,paris
845,22545,6,other
846,6949,6,children-young-adult
847,29166,6,sylvia-day
848,16959,6,kay-scarpetta
849,21447,6,newberry
850,33006,6,ya-dystopia
851,17678,6,laura-ingalls-wilder
852,31728,6,vampire-chronicles
853,29969,6,the-mortal-instruments
854,16431,6,jo-nesbo
855,20476,6,mortal-instruments
856,12874,6,gay
857,28612,6,steamy
858,2048,6,alien
859,7371,6,clancy
860,10518,6,emily-giffin
861,15463,6,indian-authors
862,23535,6,photography
863,11160,6,fairytale-retelling
864,32766,6,work
865,8865,6,dan-brown
866,12791,6,gallagher-girls
867,7329,6,cirque-du-freak
868,15840,6,isaac-asimov
869,16306,6,jeffrey-archer
870,11644,6,female-authors
871,6701,5,cherub
872,31304,5,tudor
873,7602,5,codex-alera
874,3288,5,astronomy
875,23268,5,percy-jackson-and-the-olympians
876,23273,5,percy-jackson-series
877,17080,5,kick-ass-heroine
878,32366,5,westerns
879,10835,5,erótica
880,784,5,2015-release
881,9273,5,demonica
882,1010,5,3-stars
883,832,5,2016-release
884,32539,5,wimpy-kid
885,8656,5,cultural
886,2271,5,america
887,21374,5,never-finished
888,27163,5,septimus-heap
889,23339,5,personal-finance
890,17177,5,kiera-cass
891,9400,5,dexter
892,21369,5,never-again
893,28640,5,stephanie-meyer
894,855,5,2017-books
895,31376,5,twilight-saga
896,3259,5,assassin
897,32448,5,wicked-lovely
898,27089,5,self-development
899,17002,5,ken-follett
900,3245,5,asoiaf
901,19712,5,melissa-de-la-cruz
902,16141,5,jamie-mcguire
903,24092,5,potter
904,27491,5,shatter-me
905,9943,5,drizzt
906,26097,5,rockstar
907,20203,5,mistborn
908,6200,5,cancer
909,20212,5,mitch-albom
910,18663,5,love-stories
911,32522,5,william-shakespeare
912,11150,5,fairy-tale-retelling
913,15803,5,iris-johansen
914,6471,5,cecelia-ahern
915,6383,5,caster-chronicles
916,13072,5,george-rr-martin
917,29934,5,the-lunar-chronicles
918,28102,5,song-of-ice-and-fire
919,30393,5,throne-of-glass
920,10600,5,ender
921,13070,5,george-r-r-martin
922,12811,5,game-of-thrones
923,8896,5,danielle-steel
924,11708,5,fever-series
925,18583,5,lorien-legacies
926,2891,5,argentina
927,17419,5,korea
928,26246,5,rory-gilmore
929,32914,5,wwi
930,21317,5,nelson-demille
931,11643,5,female-author
932,10074,5,dystopian-post-apocalyptic
933,13881,5,halo
934,28025,5,social-justice
935,22381,5,on-writing
936,19817,5,mermaids
937,11369,5,fantasy-romance
938,14251,5,hemingway
939,20213,5,mitch-rapp
940,28800,5,strategy
941,9156,5,death-note
942,5385,5,books-that-made-me-cry
943,10063,5,dystopia-utopia
944,24898,5,ranger-s-apprentice
945,2200,5,alyson-noel
946,26346,5,running
947,31614,5,urban
948,17755,5,lds-fiction
949,16651,5,journalism
950,11706,5,fever
951,29250,5,tami-hoag
952,11200,5,fallen
953,31883,5,vietnam
954,22639,5,owlcrate
955,32702,5,women-of-the-otherworld
956,27426,5,shadow-falls
957,26459,5,sad
958,4829,5,board-books
959,8984,5,darynda-jones
960,31421,4,uglies
961,24963,4,re-reading
962,12334,4,forbidden-love
963,24050,4,post-apocalypse
964,20120,4,mindfulness
965,20125,4,mine
966,2138,4,alpha-males
967,16563,4,john-steinbeck
968,23440,4,philip-k-dick
969,9848,4,dragon
970,4090,4,beat-generation
971,16867,4,karen-chance
972,4126,4,beauty-and-the-beast
973,18746,4,lunar-chronicles
974,15915,4,italian-literature
975,18525,4,london
976,29843,4,the-heroes-of-olympus
977,28014,4,social-commentary
978,24860,4,rainbow-rowell
979,21656,4,nobel
980,21662,4,nobel-prize
981,20287,4,modern-fantasy
982,19224,4,margaret-atwood
983,7216,4,christina-lauren
984,15758,4,investing
985,17706,4,lauren-kate
986,19714,4,melissa-marr
987,23900,4,polish
988,32758,4,wordless
989,11709,4,fey
990,14308,4,heroes-of-olympus
991,22830,4,oz
992,753,4,2014-releases
993,28776,4,storytime
994,33153,4,youngadult
995,17455,4,kristen-proby
996,6715,4,chetan-bhagat
997,24080,4,postmodern
998,17487,4,kurt-vonnegut
999,27573,4,sherlock
1000,26099,4,rockstars
1001,30163,4,the-vampire-diaries
1002,18867,4,maeve-binchy
1003,897,4,2017-releases
1004,15817,4,irish-literature
1005,4112,4,beautiful-covers
1006,23685,4,pittacus-lore
1007,18228,4,linda-howard
1008,1679,4,adult-romance
1009,16719,4,julie-kagawa
1010,11207,4,fallen-series
1011,15081,4,hunger-games
1012,10802,4,erin-hunter
1013,7141,4,christian-life
1014,1774,4,african-literature
1015,21550,4,nigeria
1016,10982,4,evernight
1017,5842,4,brown-dan
1018,15060,4,humorous
1019,18270,4,lisa-scottoline
1020,29401,4,tear-jerker
1021,31535,4,university
1022,30381,4,thriller-suspense
1023,10671,4,enid-blyton
1024,7037,4,chloe-neill
1025,18566,4,lord-of-the-rings
1026,20376,4,money
1027,32667,4,wodehouse
1028,18884,4,maggie-stiefvater
1029,33304,4,Ágatha-christie
1030,7256,4,christopher-paolini
1031,5688,4,brent-weeks
1032,2424,4,ancient
1033,15320,4,immortals
1034,16718,4,julie-james
1035,4561,4,bio
1036,28031,4,social-science
1037,10774,4,eragon
1038,22200,4,odd-thomas
1039,15585,4,inheritance
1040,15586,4,inheritance-cycle
1041,28420,4,sport
1042,3956,4,baseball
1043,26026,4,robert-langdon
1044,362,4,17th-century
1045,15107,4,hush-hush
1046,15782,4,iran
1047,15109,4,hush-hush-series
1048,27403,4,sf-fantasy
1049,17708,4,lauren-oliver
1050,31726,4,vampire-academy-series
1051,22944,4,paperback
1052,13419,4,goosebumps
1053,9959,4,drugs
1054,17525,4,l-m-montgomery
1055,13438,4,gossip-girl
1056,2867,4,architecture
1057,4136,4,becca-fitzpatrick
1058,30258,4,theory
1059,25850,4,rhyming
1060,21878,4,north-korea
1061,4113,4,beautiful-creatures
1062,16070,4,james-dashner
1063,7704,4,colors
1064,19543,4,maze-runner
1065,29952,4,the-maze-runner
1066,9537,3,disabilities
1067,1750,3,african
1068,19239,3,maria-v-snyder
1069,26178,3,romancé
1070,2687,3,anthologies
1071,29868,3,the-inheritance-cycle
1072,893,3,2017-reading-challenge
1073,17968,3,letters
1074,31378,3,twilight-series
1075,2158,3,already-read
1076,2643,3,anne-bishop
1077,20527,3,motorcycle-club
1078,26063,3,robots
1079,7511,3,cliffhanger
1080,5404,3,books-to-movies
1081,14681,3,hockey
1082,823,3,2016-read
1083,23996,3,popular-science
1084,25539,3,red-queen
1085,18904,3,magic-tree-house
1086,12048,3,first-reads
1087,4427,3,bible
1088,17068,3,khaled-hosseini
1089,9297,3,depression
1090,13922,3,happiness
1091,32566,3,winter
1092,30483,3,tintin
1093,18615,3,lotr
1094,31382,3,twins
1095,16458,3,joe-hill
1096,15285,3,illustrated
1097,18913,3,magical
1098,2345,3,amish
1099,30667,3,to-read-fantasy
1100,29388,3,teaching
1101,24493,3,psych
1102,5838,3,brown
1103,2210,3,amanda-hocking
1104,10740,3,epic-poetry
1105,7438,3,classical
1106,18517,3,lois-lowry
1107,13643,3,greece
1108,8292,3,cormac-mccarthy
1109,23114,3,patterson-james
1110,2435,3,ancient-history
1111,14106,3,hawaii
1112,13787,3,guild-hunter
1113,25879,3,richard-castle
1114,6386,3,castle
1115,29418,3,tech
1116,9538,3,disability
1117,33385,3,أحمد-خالد-توفيق
1118,27766,3,signed
1119,22040,3,novels-in-verse
1120,21993,3,novel-in-verse
1121,31324,3,turkey
1122,19682,3,meditation
1123,28964,3,summer-reading
1124,33125,3,young-adult-lit
1125,25709,3,religión
1126,16338,3,jennifer-weiner
1127,8937,3,dark-erotica
1128,4200,3,behavioral-economics
1129,18762,3,lux
1130,10108,3,e-l-james
1131,31824,3,veronica-roth
1132,10615,3,enemies-to-lovers
1133,2113,3,allegory
1134,2657,3,anne-of-green-gables
1135,25020,3,read-alouds
1136,28215,3,southern-fiction
1137,27387,3,sexuality
1138,24099,3,poverty
1139,22597,3,outdoors
1140,19433,3,matched
1141,16850,3,kami-garcia
1142,2127,3,ally-condie
1143,28184,3,south-africa
1144,30198,3,the-wolves-of-mercy-falls
1145,16674,3,jrr-tolkien
1146,34213,3,يوسف-زيدان
1147,29550,3,terror
1148,26028,3,robert-ludlum
1149,14323,3,hex-hall
1150,350,3,16th-century
1151,7016,3,chinese
1152,9519,3,dinosaurs
1153,7094,3,christian-books
1154,15824,3,iron-fey
1155,6740,3,chicagoland-vampires
1156,747,3,2014-read
1157,29873,3,the-iron-fey
1158,8513,3,crichton
1159,21565,3,night-world
1160,2323,3,american-revolution
1161,28848,3,student-teacher
1162,8967,3,darkest-powers
1163,414,3,1920s
1164,18987,3,malcolm-gladwell
1165,16858,3,kane-chronicles
1166,29867,3,the-infernal-devices
1167,809,3,2016-challenge
1168,14408,3,hilarious
1169,8295,3,cornelia-funke
1170,26526,3,samantha-young
1171,9252,3,delirium
1172,14988,3,hugo-award
1173,3704,3,ayn-rand
1174,20241,3,mm
1175,18805,3,m-m-romance
1176,24943,3,ray-bradbury
1177,28269,3,spanish-literature
1178,8728,3,cussler
1179,16702,3,jules-verne
1180,15550,3,infernal-devices
1181,18284,3,listened-to
1182,21570,3,nightshade
1183,12281,3,football
1184,28189,3,south-america
1185,6190,3,canadian-literature
1186,17640,3,latin-american
1187,26163,3,romance-paranormal
1188,8594,3,crossfire
1189,7879,3,communication
1190,19262,3,marissa-meyer
1191,9180,3,deborah-harkness
1192,29384,3,teacher-student
1193,29095,3,suzanne-collins
1194,14435,3,his-dark-materials
1195,23442,3,philip-pullman
1196,29858,3,the-hunger-games
1197,20082,3,millennium
1198,26679,3,scandinavia
1199,28717,3,stieg-larsson
1200,15505,3,indonesia
1201,8344,3,could-not-finish
1202,27368,3,sex
1203,8020,3,conspiracy
1204,26943,3,scott-westerfeld
1205,6131,3,california
1206,24639,3,pulitzer-winners
1207,5153,3,books-for-school
1208,420,3,1930s
1209,30315,3,thomas-harris
1210,31501,3,unearthly
1211,4514,3,bildungsroman
1212,11107,3,fablehaven
1213,6636,3,charley-davidson
1214,34173,3,نجيب-محفوظ
1215,10425,3,elin-hilderbrand
1216,27847,3,sisters
1217,21420,2,new-orleans
1218,27391,2,sexy
1219,1143,2,50-shades
1220,4634,2,bios
1221,33095,2,yoga
1222,19246,2,marie-lu
1223,17865,2,legend
1224,9367,2,deutsch
1225,27934,2,slow-burn
1226,28594,2,startup
1227,28596,2,startups
1228,2088,2,all-souls-trilogy
1229,22282,2,olivia-cunning
1230,19775,2,menage
1231,896,2,2017-release
1232,16414,2,jill-shalvis
1233,30095,2,the-selection-series
1234,11865,2,fifty-shades
1235,17234,2,kindle-first
1236,11866,2,fifty-shades-of-grey
1237,10084,2,dystopìa
1238,33860,2,شعر
1239,32676,2,wolves
1240,34134,2,مصطفى-محمود
1241,15281,2,illness
1242,16337,2,jennifer-probst
1243,19852,2,metropop
1244,2373,2,amulet
1245,31790,2,vegan
1246,24833,2,rachel-vincent
1247,16479,2,johanna-lindsey
1248,27975,2,smut
1249,9611,2,diversity
1250,8595,2,crossfire-series
1251,2828,2,arabic
1252,28953,2,summer-2016
1253,31576,2,unreliable-narrator
1254,13078,2,georgette-heyer
1255,29009,2,superhéroes
1256,21440,2,new-zealand
1257,15967,2,j-kenner
1258,23037,2,part-of-a-series
1259,15221,2,iceland
1260,1790,2,afterlife
1261,24517,2,psychological
1262,8116,2,cook-books
1263,22219,2,office-romance
1264,33946,2,غسان-كنفاني
1265,16909,2,kate-morton
1266,8084,2,contemporary-ya
1267,33751,2,رضوى-عاشور
1268,8740,2,cute
1269,7266,2,chronicles-of-nick
1270,24795,2,r-l-mathewson
1271,9286,2,denmark
1272,30281,2,thieves
1273,31825,2,verse
1274,12868,2,gave-up
1275,9769,2,dork-diaries
1276,780,2,2015-read
1277,7341,2,civil-rights
1278,7279,2,church
1279,31701,2,vaginal-fantasy
1280,28951,2,summer-2014
1281,12886,2,gayle-forman
1282,15252,2,if-i-stay
1283,9604,2,divergent-series
1284,9385,2,devotional
1285,1599,2,addiction
1286,20477,2,mortal-instruments-series
1287,26065,2,robyn-carr
1288,23103,2,patrick-rothfuss
1289,21126,2,naruto
1290,2186,2,alternative-history
1291,24907,2,ransom-riggs
1292,8507,2,creepy
1293,5510,2,bought
1294,12135,2,fluff
1295,32811,2,world-war-i
1296,9708,2,dominican-republic
1297,7154,2,christian-non-fiction
1298,9845,2,dracula
1299,5328,2,books-on-writing
1300,32870,2,writing-books
1301,19343,2,martial-arts
1302,32724,2,women-writers
1303,7472,2,classics-read
1304,14405,2,hiking
1305,2142,2,alphabet
1306,26717,2,scary
1307,3219,2,asian-american
1308,7884,2,communism
1309,1960,2,alcoholism
1310,26379,2,russian-classics
1311,2023,2,alexandre-dumas
1312,5509,2,botswana
1313,19860,2,mexico
1314,10592,2,end-of-the-world
1315,31430,2,uk
1316,22733,2,own-to-read
1317,32905,2,ww1
1318,32732,2,womens-murder-club
1319,16695,2,judy-blume
1320,21466,2,newbery-honor
1321,21079,2,nancy-drew
1322,24187,2,pregnancy
1323,27506,2,shel-silverstein
1324,23816,2,poems
1325,12423,2,foundation
1326,23923,2,political-science
1327,16240,2,jasper-fforde
1328,21892,2,nostalgia
1329,6843,2,childhood-memories
1330,6973,2,childrens-fiction
1331,20785,2,my-childhood
1332,1654,2,adult-fantasy
1333,14983,2,hugo
1334,31830,2,vertigo
1335,20539,2,mountaineering
1336,20405,2,monsters
1337,16838,2,kafka
1338,13450,2,gothic-horror
1339,23871,2,poirot
1340,31940,2,virginia-woolf
1341,26010,2,robert-crais
1342,13693,2,gregory-maguire
1343,5807,2,bronte
1344,1761,2,african-american-lit
1345,22897,2,palahniuk
1346,617,2,2006
1347,8759,2,cycling
1348,12923,2,gender
1349,10813,2,ernest-hemingway
1350,12575,2,french-revolution
1351,1938,2,alaska
1352,16680,2,judaism
1353,10743,2,epics
1354,2429,2,ancient-greece
1355,24207,2,prehistoric
1356,11949,2,financial
1357,15624,2,inspiration
1358,18243,2,linguistics
1359,23465,2,philosophical
1360,31678,2,ux
1361,33244,2,zen
1362,23970,2,pop-culture
1363,10862,2,español
1364,7686,2,colombia
1365,14764,2,home-library
1366,11396,2,fantasía
1367,30755,2,to-read-non-fiction
1368,615,2,2005
1369,13825,2,h-g-wells
1370,24009,2,portugal
1371,15604,2,innovation
1372,24840,2,racism
1373,13068,2,george-orwell
1374,7565,2,clásicos
1375,7451,2,classici
1376,22537,2,oscar-wilde
1377,11780,2,fiction-historical
1378,7693,2,colonialism
1379,23343,2,personal-growth
1380,254,2,1001-books-you-must-read-before-you
1381,15125,2,húmor
1382,7944,2,computer-science
1383,8327,2,cosmology
1384,30339,2,thought-provoking
1385,3677,2,award-winners
1386,24420,2,programming
1387,12255,2,foodie
1388,6969,2,childrens-classics
1389,6905,2,children-s-classics
1390,19285,2,mark-twain
1391,4755,2,bleach
1392,21344,2,netherlands
1393,13992,2,harper-lee
1394,16328,2,jennifer-crusie
1395,5506,2,botm
1396,9432,2,diary
1397,17276,2,king-arthur
1398,11128,2,faerie
1399,3616,2,autobiography-memoir
1400,26050,2,robin-cook
1401,4600,2,biographies-memoirs
1402,25169,2,read-in-french
1403,28248,2,space-opéra
1404,24822,2,rachel-gibson
1405,21459,2,newbery-award
1406,4587,2,biographical
1407,10193,2,eating-disorders
1408,3142,2,arthurian-legend
1409,16682,2,jude-deveraux
1410,4611,2,biography-autobiography
1411,4568,2,bio-memoir
1412,19335,2,mars
1413,7327,2,circus
1414,3608,2,autobiographies
1415,10031,2,dutch
1416,29146,2,sword-and-laser
1417,22894,2,pakistan
1418,12503,2,français
1419,12840,2,garth-nix
1420,71,1,00-in-class
1421,1854,1,agriculture
1422,29089,1,sustainability
1423,31093,1,traditional-literature
1424,33312,1,áfrica
1425,31657,1,usability
1426,32269,1,web
1427,29165,1,sylvain-reynard
1428,12979,1,genetics
1429,30090,1,the-secret
1430,3676,1,award-winner
1431,33116,1,young-adult-books
1432,31944,1,virtual-reality
1433,12819,1,gaming
1434,31876,1,video-games
1435,14520,1,historical-non-fiction
1436,6786,1,child-abuse
1437,11867,1,fifty-shades-series
1438,33307,1,Évolution
1439,21355,1,neurology
1440,32739,1,wonder
1441,29553,1,terrorism
1442,16040,1,jacquelyn-frank
1443,33046,1,ya-sci-fi
1444,7313,1,cinderella
1445,4044,1,bd
1446,32186,1,warrior-cats
1447,3133,1,arthur-c-clarke
1448,31325,1,turkish
1449,24012,1,portuguese
1450,21436,1,new-weird
1451,13199,1,gillian-flynn
1452,28693,1,steve-jobs
1453,2798,1,apple
1454,21825,1,nope
1455,9949,1,dropped
1456,134,1,1
1457,4542,1,billionaire
1458,14894,1,hot
1459,694,1,2012-read
1460,9738,1,done
1461,1144,1,50-shades-of-grey
1462,19325,1,marriage-of-convenience
1463,2359,1,amnesia
1464,26421,1,rússia
1465,8406,1,covenant
1466,442,1,1950s
1467,31242,1,trolls
1468,14461,1,historic-fiction
1469,15957,1,j-d-salinger
1470,30756,1,to-read-nonfiction
1471,17567,1,laini-taylor
1472,10483,1,eloisa-james
1473,21001,1,mystery-thriller-suspense
1474,24519,1,psychological-mystery
1475,10054,1,dysfunctional-family
1476,13353,1,gone-girl
1477,29936,1,the-lying-game
1478,31668,1,utopia-dystopia
1479,15676,1,interactive
1480,1963,1,aldous-huxley
1481,11425,1,fashion
1482,22456,1,oprah-s-book-club
1483,2608,1,anita-shreve
1484,15989,1,jaci-burton
1485,6249,1,captivity
1486,6808,1,child-narrator
1487,1444,1,abduction
1488,1943,1,albert-camus
1489,14196,1,heaven
1490,2030,1,algeria
1491,12123,1,florida
1492,23699,1,plague
1493,8369,1,counting
1494,10782,1,eric-carle
1495,30203,1,thea-harrison
1496,18630,1,louisa-may-alcott
1497,18606,1,lost-generation
1498,31885,1,vietnam-war
1499,29425,1,technical
1500,28064,1,software
1501,28068,1,software-development
1502,2697,1,anthony-horowitz
1503,19749,1,memoirs-biographies
1504,28005,1,soccer
1505,6140,1,cambodia
1506,13141,1,ghost
1507,34251,1,ｆａｖｏｕｒｉｔｅｓ
1508,20243,1,mm-romance
1509,6514,1,censorship
1510,13619,1,great-depression
1511,27412,1,sff
1512,1248,1,9-11
1513,11097,1,f-scott-fitzgerald
1514,16944,1,katie-macalister
1515,21274,1,need-to-buy
1516,20520,1,motivational
1517,6162,1,camus
1518,19980,1,middle-grades
1519,28046,1,society
1520,13287,1,globalization
1521,3135,1,arthur-conan-doyle
1522,32302,1,weird
1523,24310,1,princess
1524,10491,1,elves
1525,813,1,2016-favorites
1526,9435,1,diary-ng-panget
1527,11372,1,fantasy-science-fiction
1528,16950,1,katy-evans
1529,29925,1,the-lord-of-the-rings
1530,11314,1,fantasy-and-sci-fi
1531,3104,1,art-theft
1532,3251,1,aspergers
1533,22292,1,olympics
1534,14046,1,hatchet
1535,20711,1,musicians
1536,16370,1,jessica-sorensen
1537,7992,1,connelly
1538,17645,1,latin-american-literature
1539,29612,1,the-5th-wave
1540,11948,1,finances
1541,24410,1,professional-development
1542,6262,1,career
1543,12767,1,gabriel-garcia-marquez
1544,752,1,2014-release
1545,19359,1,marvel-comics
1546,18520,1,lol
1547,2038,1,alice-clayton
1548,8421,1,cowboys
1549,26094,1,rockers
1550,16151,1,jan-karon
1551,18168,1,lifestyle
1552,13137,1,ghana
1553,28545,1,star-wars-canon
1554,12465,1,francine-rivers
1555,14951,1,hp
1556,609,1,2003
1557,26295,1,rowling
1558,767,1,2015-books-read
1559,1684,1,adultery
1560,18051,1,library-book
1561,770,1,2015-challenge
1562,23144,1,paula-hawkins
1563,20130,1,minimalism
1564,22494,1,organization
1565,17503,1,kylie-scott
1566,14927,1,how-to
1567,14752,1,home
1568,18024,1,liane-moriarty
1569,25235,1,read-multiple-times
1570,711,1,2013-books
1571,9545,1,disappointing
1572,12663,1,fun
1573,33675,1,حبيبتي-بكماء
1574,10526,1,emma-chase
1575,11287,1,fantascienza
1576,4765,1,blindness
1577,14423,1,hinduism
1578,13207,1,gilmore-girls
1579,17918,1,leo-tolstoy
1580,30919,1,tolstoy
1581,10539,1,emotional
1582,25830,1,revolutionary-war
1583,31647,1,us-history
1584,3336,1,attack-on-titan
1585,10256,1,economy
1586,17118,1,kidnapped
1587,3911,1,barcelona
1588,6288,1,carlos-ruiz-zafon
1589,22858,1,pacific-crest-trail
1590,2046,1,alice-sebold
1591,21428,1,new-species
1592,17686,1,laurann-dohner
1593,15138,1,i-cried
1594,29402,1,tear-jerkers
1595,6804,1,child-lee
1596,5963,1,business-books
1597,29787,1,the-fault-in-our-stars
1598,19245,1,marie-force
1599,4235,1,bella-andre
1600,23632,1,piers-anthony
1601,14776,1,homer
1602,2538,1,angst
1603,18682,1,loved-it
1604,2732,1,antiquity
1605,13654,1,greek-literature
1606,31417,1,uf
1607,27684,1,short-story-collections
1608,20279,1,modern
1609,15698,1,international
1610,23993,1,popular-fiction
1611,611,1,2004
1612,1629,1,adoption
1613,21581,1,nigéria
1614,22159,1,objectivism
1615,16343,1,jenny-han
1616,15296,1,image-comics
1617,15295,1,image
1618,6235,1,capitalism
1619,14187,1,heartbreaking
1620,29405,1,tearjerker
1621,21209,1,nautical
1622,4901,1,bone
1623,19604,1,me-before-you
1624,16581,1,jojo-moyes
1625,15642,1,inspiring
1626,28603,1,statistics
1627,32234,1,wattpad
1628,15763,1,investment
1629,7606,1,coelho
1630,5656,1,brazilian
1631,10366,1,el-james
1632,29614,1,the-alchemist
1633,2686,1,antarctica
1634,27011,1,seattle
1635,6663,1,cheating
1636,12905,1,geisha
1637,18396,1,lithuania
1638,10516,1,emily-bronte
1639,29010,1,superman
1640,30444,1,time
1641,10444,1,elizabeth-gilbert
1642,15304,1,imagination
1643,21474,1,newbery-winners
1644,2206,1,alzheimers
1645,23595,1,picture
1646,6931,1,children-s-picture-books
1647,11513,1,favorite-children-s-books
1648,29853,1,the-host
1649,4844,1,bob-ong
1650,9199,1,decision-making
1651,9288,1,dennis-lehane
1652,15513,1,indonesian
1653,19258,1,mario-puzo
1654,5891,1,buffy
1655,19459,1,matilda
1656,22401,1,one-piece
1657,1619,1,adolescence
1658,16245,1,jay-asher
1659,177,1,1-star
1660,26594,1,sarah-addison-allen
1661,12161,1,folklore
1662,23877,1,poland
1663,27188,1,serial-killers
1664,25033,1,read-as-a-child
1665,9580,1,disney
1666,11594,1,favourİtes
1667,2445,1,ancient-rome
1668,26221,1,rome
1669,8617,1,cryptography
1670,28904,1,success
1671,27752,1,sierra-leone
1672,7213,1,christie
1673,2557,1,animal-human-bond
1674,29905,1,the-league
1675,20172,1,miss-marple
1676,31741,1,vampire-romance
1677,5630,1,bram-stoker
1678,30408,1,théâtre
1679,27870,1,skepticism
1680,33138,1,young-adults
1681,3271,1,assigned-reading
1682,31140,1,translation
1683,1265,1,9th-grade
1684,25726,1,renaissance
1685,13110,1,german-occupation
1686,6583,1,channel-islands
1687,7487,1,claudia-gray
1688,26211,1,romanticism
1689,24407,1,professional
1690,10886,1,essay
1691,16125,1,james-potter
1692,24646,1,pulp
1693,11146,1,fairy-tail
1694,34247,1,Ｃhildrens
1695,17041,1,kerrelyn-sparks
1696,29718,1,the-clique
1697,12252,1,food-writing
1698,24908,1,rape
1699,14693,1,holes
1700,888,1,2017-read
1701,19373,1,marxism
1702,27901,1,skulduggery-pleasant
1703,30314,1,thomas-hardy
1704,25971,1,rizzoli-isles
1705,26884,1,sciencefiction
1706,6891,1,children-s-book
1707,13873,1,halloween
1708,6189,1,canadian-lit
1709,32806,1,world-war-1
1710,18262,1,lisa-jackson
1711,6419,1,catherine-coulter
1712,27562,1,shelly-laurenston
1713,8428,1,cozy-mysteries
1714,16440,1,joanne-fluke
1715,1441,1,abc-books
1716,13145,1,ghost-stories
1717,27499,1,shayla-black
1718,21297,1,negotiation
1719,1762,1,african-american-literature
1720,21888,1,norwegian
1721,11141,1,fairy
1722,33311,1,Ýa-fiction
1723,31521,1,unicorns
1724,12024,1,first-day-of-school
1725,32169,1,warhammer-40k
1726,10397,1,elementary
1727,18645,1,love-at-stake
1728,5161,1,books-from-my-childhood
1729,6836,1,childhood-faves
1730,6596,1,chapter-book
1731,24313,1,princess-diaries
1732,11055,1,experimental
1733,25156,1,read-in-8th-grade
1734,8452,1,crank
1735,32166,1,warhammer
1736,14882,1,horus-heresy
1737,5606,1,brain
1738,23926,1,political-theory
1739,10711,1,environmental
1740,21011,1,myth
1741,31248,1,trudi-canavan
1742,12640,1,fruits-basket
1743,7743,1,comic-book
1744,13597,1,graphicnovels
1745,1934,1,alan-moore
1746,7858,1,comix
1747,8778,1,còmic
1748,23920,1,political-philosophy
1749,21887,1,norway
1750,17457,1,kristin-cashore
1751,16216,1,japanese-internment
1752,12451,1,francais
1753,11061,1,exploration
1754,16597,1,jonathan-kellerman
1755,16333,1,jennifer-estep
1756,3906,1,barbara-kingsolver
1757,2568,1,animal-rights
1758,26604,1,sarah-maclean
1759,13272,1,glbtq
1760,10053,1,dysfunctional-families
1761,32439,1,wicca
1762,10916,1,ethics
1763,4576,1,bioethics
1764,22533,1,orwell
1765,13361,1,gonzo
1766,22870,1,pagan
1767,20519,1,motivation
1768,2389,1,amy-tan
1769,17119,1,kidnapping
1770,27962,1,smile
1771,12781,1,gail-carriger
1772,6696,1,cherise-sinclair
1773,19760,1,memory
1774,2648,1,anne-frank
1775,28482,1,spy-thriller
1776,13514,1,grammar
1777,24329,1,printz-award
1778,28167,1,soul-screamers
1779,7981,1,congo
1780,13355,1,gone-series
1781,4690,1,black-butler
1782,2469,1,andrea-cremer
1783,23349,1,personal-library
1784,9258,1,demigods
1785,19434,1,matched-series
1786,1773,1,african-lit
1787,9429,1,diaries
1788,22995,1,paranormalcy
1789,33478,1,احمد-مراد
1790,15436,1,incest
1791,31265,1,true-story
1792,29205,1,taboo
1793,22120,1,nyrb
1794,18130,1,life
1795,22904,1,palestine
1796,18151,1,life-lessons
1797,15083,1,hunger-games-series
1798,6692,1,chemistry
1799,29064,1,susan-mallery
1800,17038,1,keri-arthur
1801,3596,1,auto-biography
1802,16524,1,john-irving
1803,10349,1,egyptian-mythology
1804,27405,1,sf-masterworks
1805,25816,1,revenge
1806,9796,1,dostoyevsky
1807,24348,1,prison
1808,8774,1,czech-literature
1809,15473,1,indian-literature
1810,8916,1,daphne-du-maurier
1811,3232,1,asian-literature
1812,12822,1,gangs
1813,12479,1,frank-herbert
1814,26409,1,rwanda
1815,6274,1,caribbean
1816,30368,1,thriller-horror
1817,23280,1,perfect-chemistry
1818,27800,1,simone-elkeles
1819,21547,1,nietzsche
1820,21265,1,need
1821,19623,1,media
1822,29806,1,the-giver
1823,4317,1,best-books-ever
1824,29264,1,tana-french
1825,34249,1,Ｍａｎｇａ
1826,21328,1,nephilim
1827,2411,1,anarchism
1828,11247,1,family-saga
1829,10917,1,ethiopia
1830,16275,1,jeaniene‎-frost
1831,33477,1,احمد-خالد-توفيق
1832,12832,1,gardening
1833,3400,1,audrey-niffenegger
1834,6732,1,chicago
1835,3027,1,art-history
1836,17374,1,knitting
1837,12068,1,fitness
1838,4441,1,bibles
1839,31186,1,travel-writing
1840,12107,1,flavia-de-luce
1841,4522,1,bill-bryson
1842,2791,1,appalachian-trail
1843,9375,1,development
1844,6650,1,charlotte-bronte
1845,2297,1,american-girl
1846,11765,1,fiction-classics
1847,10657,1,english-lit
1848,13856,1,haiti
1849,16325,1,jennifer-ashley
1850,2166,1,alt-history
1851,12758,1,gabaldon
1852,31331,1,turkish-literature
1853,23592,1,picoult
1854,2681,1,anorexia
1855,18939,1,maids
1856,28218,1,southern-lit
1857,16935,1,kathryn-stockett
1858,27066,1,segregation
1859,29842,1,the-help
1860,24836,1,racial-discrimination
1861,20196,1,mississippi
1862,450,1,1960s
1863,6999,1,chile
